{"stats":{"minecraft:picked_up":{"minecraft:oak_log":2,"minecraft:oak_sapling":2},"minecraft:mined":{"minecraft:oak_log":2,"minecraft:oak_leaves":3},"minecraft:custom":{"minecraft:jump":17,"minecraft:time_since_rest":4952,"minecraft:walk_on_water_one_cm":679,"minecraft:play_time":17438,"minecraft:leave_game":6,"minecraft:damage_taken":520,"minecraft:walk_one_cm":4649,"minecraft:time_since_death":4654,"minecraft:deaths":2,"minecraft:total_world_time":17438,"minecraft:walk_under_water_one_cm":1177,"minecraft:fall_one_cm":753,"minecraft:fly_one_cm":997},"minecraft:killed_by":{"minecraft:zombie":1,"minecraft:drowned":1}},"DataVersion":3953}