{"stats":{"minecraft:picked_up":{"minecraft:oak_sapling":1},"minecraft:mined":{"minecraft:oak_leaves":2},"minecraft:custom":{"minecraft:jump":8,"minecraft:time_since_rest":7180,"minecraft:walk_on_water_one_cm":679,"minecraft:play_time":11289,"minecraft:leave_game":4,"minecraft:damage_taken":270,"minecraft:walk_one_cm":1257,"minecraft:time_since_death":1541,"minecraft:deaths":1,"minecraft:total_world_time":11289,"minecraft:walk_under_water_one_cm":1177,"minecraft:fall_one_cm":484,"minecraft:fly_one_cm":593},"minecraft:killed_by":{"minecraft:drowned":1}},"DataVersion":3953}