{"stats":{"minecraft:picked_up":{"minecraft:oak_sapling":1},"minecraft:mined":{"minecraft:oak_leaves":2},"minecraft:custom":{"minecraft:jump":12,"minecraft:time_since_rest":256,"minecraft:walk_on_water_one_cm":679,"minecraft:play_time":12742,"minecraft:leave_game":5,"minecraft:damage_taken":520,"minecraft:walk_one_cm":4145,"minecraft:time_since_death":0,"minecraft:deaths":2,"minecraft:total_world_time":12742,"minecraft:walk_under_water_one_cm":1177,"minecraft:fall_one_cm":753,"minecraft:fly_one_cm":997},"minecraft:killed_by":{"minecraft:zombie":1,"minecraft:drowned":1}},"DataVersion":3953}